dataset_index,condition,image_path,label_path,image_miou,pixel_error_rate,boundary_error_rate,interior_error_rate,dynamic_to_background_error_rate,valid_pixels,boundary_pixels,interior_pixels,gt_dynamic_pixels,error_pixels,boundary_error_pixels,interior_error_pixels,dynamic_to_background_error_pixels
100,night,/home/user/DATA/awseg/data/raw/rgb_anon/night/val/GOPR0351/GOPR0351_frame_000033_rgb_anon.png,/home/user/DATA/awseg/data/raw/gt/night/val/GOPR0351/GOPR0351_frame_000033_gt_labelTrainIds.png,0.22828443112958932,0.3431307530546543,0.5544308092518238,0.3349869115938649,0.08522727272727272,476486,17683,458803,352,163497,9804,153693,30
101,night,/home/user/DATA/awseg/data/raw/rgb_anon/night/val/GOPR0351/GOPR0351_frame_000039_rgb_anon.png,/home/user/DATA/awseg/data/raw/gt/night/val/GOPR0351/GOPR0351_frame_000039_gt_labelTrainIds.png,0.3341077297409677,0.20080401568489614,0.504918681101389,0.18666117990004277,0.4918032786885246,455215,20229,434986,244,91409,10214,81195,120
102,night,/home/user/DATA/awseg/data/raw/rgb_anon/night/val/GOPR0351/GOPR0351_frame_000043_rgb_anon.png,/home/user/DATA/awseg/data/raw/gt/night/val/GOPR0351/GOPR0351_frame_000043_gt_labelTrainIds.png,0.24496347424218853,0.20571632032109793,0.5726698262243286,0.18338278116587,0.9763513513513513,463410,26586,436824,888,95331,15225,80106,867
103,night,/home/user/DATA/awseg/data/raw/rgb_anon/night/val/GOPR0351/GOPR0351_frame_000047_rgb_anon.png,/home/user/DATA/awseg/data/raw/gt/night/val/GOPR0351/GOPR0351_frame_000047_gt_labelTrainIds.png,0.2869892249700783,0.1977038397126773,0.5650463729711825,0.1788854998748563,1.0,495610,24152,471458,2151,97984,13647,84337,2151
104,night,/home/user/DATA/awseg/data/raw/rgb_anon/night/val/GOPR0351/GOPR0351_frame_000049_rgb_anon.png,/home/user/DATA/awseg/data/raw/gt/night/val/GOPR0351/GOPR0351_frame_000049_gt_labelTrainIds.png,0.3091349085458555,0.15611225015422892,0.5055674010897891,0.14042182925999047,0.17592592592592593,491153,21105,470048,216,76675,10670,66005,38
105,night,/home/user/DATA/awseg/data/raw/rgb_anon/night/val/GOPR0351/GOPR0351_frame_000053_rgb_anon.png,/home/user/DATA/awseg/data/raw/gt/night/val/GOPR0351/GOPR0351_frame_000053_gt_labelTrainIds.png,0.31799219252112343,0.1484519263158322,0.4442552501418957,0.1328662365958901,0.7511177347242921,492806,24666,468140,671,73158,10958,62200,504
106,night,/home/user/DATA/awseg/data/raw/rgb_anon/night/val/GOPR0351/GOPR0351_frame_000055_rgb_anon.png,/home/user/DATA/awseg/data/raw/gt/night/val/GOPR0351/GOPR0351_frame_000055_gt_labelTrainIds.png,0.38187742870414493,0.1365583325973682,0.47326542511232295,0.1156282312308791,0.5004616805170822,498212,29157,469055,1083,68035,13799,54236,542
107,night,/home/user/DATA/awseg/data/raw/rgb_anon/night/val/GOPR0351/GOPR0351_frame_000057_rgb_anon.png,/home/user/DATA/awseg/data/raw/gt/night/val/GOPR0351/GOPR0351_frame_000057_gt_labelTrainIds.png,0.3663667032022621,0.10241956257375802,0.4472430506648991,0.08495680304791316,0.1384928716904277,500793,24139,476654,4910,51291,10796,40495,680
108,night,/home/user/DATA/awseg/data/raw/rgb_anon/night/val/GOPR0351/GOPR0351_frame_000059_rgb_anon.png,/home/user/DATA/awseg/data/raw/gt/night/val/GOPR0351/GOPR0351_frame_000059_gt_labelTrainIds.png,0.29819205893670453,0.1694007881154275,0.5409628378378378,0.1368429988441873,0.7181818181818181,499673,40256,459417,2310,84645,21777,62868,1659
109,night,/home/user/DATA/awseg/data/raw/rgb_anon/night/val/GOPR0351/GOPR0351_frame_000061_rgb_anon.png,/home/user/DATA/awseg/data/raw/gt/night/val/GOPR0351/GOPR0351_frame_000061_gt_labelTrainIds.png,0.3141643733697421,0.13650167852374154,0.4807539887659809,0.11409299623376244,0.3400091033227128,474822,29019,445803,2197,64814,13951,50863,747
110,night,/home/user/DATA/awseg/data/raw/rgb_anon/night/val/GOPR0351/GOPR0351_frame_000063_rgb_anon.png,/home/user/DATA/awseg/data/raw/gt/night/val/GOPR0351/GOPR0351_frame_000063_gt_labelTrainIds.png,0.2952109859153974,0.19257017400304777,0.47564299097257706,0.17769923382361166,0.6036821705426356,470509,23484,447025,1032,90606,11170,79436,623
111,night,/home/user/DATA/awseg/data/raw/rgb_anon/night/val/GOPR0351/GOPR0351_frame_000065_rgb_anon.png,/home/user/DATA/awseg/data/raw/gt/night/val/GOPR0351/GOPR0351_frame_000065_gt_labelTrainIds.png,0.3509351048177268,0.10121009223901938,0.39246584922374006,0.08692630081923546,0.14285714285714285,458808,21449,437359,1603,46436,8418,38018,229
112,night,/home/user/DATA/awseg/data/raw/rgb_anon/night/val/GOPR0351/GOPR0351_frame_000067_rgb_anon.png,/home/user/DATA/awseg/data/raw/gt/night/val/GOPR0351/GOPR0351_frame_000067_gt_labelTrainIds.png,0.40517344965414254,0.14236100520741196,0.4636650868878357,0.12399911438416382,0.8325942350332595,491799,26586,465213,902,70013,12327,57686,751
113,night,/home/user/DATA/awseg/data/raw/rgb_anon/night/val/GOPR0351/GOPR0351_frame_000069_rgb_anon.png,/home/user/DATA/awseg/data/raw/gt/night/val/GOPR0351/GOPR0351_frame_000069_gt_labelTrainIds.png,0.3039720416049385,0.19278108257448948,0.5311842009729181,0.17279970504826192,0.8498498498498499,494063,27546,466517,999,95246,14632,80614,849
114,night,/home/user/DATA/awseg/data/raw/rgb_anon/night/val/GOPR0351/GOPR0351_frame_000071_rgb_anon.png,/home/user/DATA/awseg/data/raw/gt/night/val/GOPR0351/GOPR0351_frame_000071_gt_labelTrainIds.png,0.23685514363891513,0.20907765036198536,0.6091824587368488,0.1822347801310666,0.8900429799426934,494357,31081,463276,2792,103359,18934,84425,2485
115,night,/home/user/DATA/awseg/data/raw/rgb_anon/night/val/GOPR0351/GOPR0351_frame_000079_rgb_anon.png,/home/user/DATA/awseg/data/raw/gt/night/val/GOPR0351/GOPR0351_frame_000079_gt_labelTrainIds.png,0.3432594485645538,0.14354111959018465,0.45901013364664417,0.12100733492228676,0.42440529511296904,510669,34045,476624,10047,73302,15627,57675,4264
116,night,/home/user/DATA/awseg/data/raw/rgb_anon/night/val/GOPR0351/GOPR0351_frame_000081_rgb_anon.png,/home/user/DATA/awseg/data/raw/gt/night/val/GOPR0351/GOPR0351_frame_000081_gt_labelTrainIds.png,0.27625522124021656,0.17585040935489427,0.5972852347755524,0.15224089085976067,0.14337254533275356,511048,27111,483937,85093,89868,16193,73675,12200
117,night,/home/user/DATA/awseg/data/raw/rgb_anon/night/val/GOPR0351/GOPR0351_frame_000083_rgb_anon.png,/home/user/DATA/awseg/data/raw/gt/night/val/GOPR0351/GOPR0351_frame_000083_gt_labelTrainIds.png,0.2633926260151769,0.2335917015638842,0.5875257606982665,0.20882732764890868,0.30036334275333065,504577,32996,471581,22293,117865,19386,98479,6696
118,night,/home/user/DATA/awseg/data/raw/rgb_anon/night/val/GOPR0351/GOPR0351_frame_000085_rgb_anon.png,/home/user/DATA/awseg/data/raw/gt/night/val/GOPR0351/GOPR0351_frame_000085_gt_labelTrainIds.png,0.25144045600853054,0.2688930808821817,0.6442386628575182,0.24531625465383702,0.4061037513928439,515268,30453,484815,80770,138552,19619,118933,32801
119,night,/home/user/DATA/awseg/data/raw/rgb_anon/night/val/GOPR0351/GOPR0351_frame_000087_rgb_anon.png,/home/user/DATA/awseg/data/raw/gt/night/val/GOPR0351/GOPR0351_frame_000087_gt_labelTrainIds.png,0.19030195146856427,0.29411764705882354,0.6177013291634089,0.270916209585914,0.19876416065911431,477921,31975,445946,1942,140565,19751,120814,386
120,night,/home/user/DATA/awseg/data/raw/rgb_anon/night/val/GOPR0351/GOPR0351_frame_000089_rgb_anon.png,/home/user/DATA/awseg/data/raw/gt/night/val/GOPR0351/GOPR0351_frame_000089_gt_labelTrainIds.png,0.3702560017438807,0.13673644344608307,0.5359462341271124,0.10799058179736905,0.275,460755,30949,429806,680,63002,16587,46415,187
121,night,/home/user/DATA/awseg/data/raw/rgb_anon/night/val/GOPR0351/GOPR0351_frame_000091_rgb_anon.png,/home/user/DATA/awseg/data/raw/gt/night/val/GOPR0351/GOPR0351_frame_000091_gt_labelTrainIds.png,0.3088549614219421,0.2173709472155703,0.5233095701015338,0.20203346069537945,0.5473684210526316,484821,23145,461676,760,105386,12112,93274,416
122,night,/home/user/DATA/awseg/data/raw/rgb_anon/night/val/GOPR0351/GOPR0351_frame_000093_rgb_anon.png,/home/user/DATA/awseg/data/raw/gt/night/val/GOPR0351/GOPR0351_frame_000093_gt_labelTrainIds.png,0.3814448615581441,0.19680759067013648,0.4817532249556419,0.18433465088404644,0.6192660550458715,497242,20853,476389,1962,97861,10046,87815,1215
123,night,/home/user/DATA/awseg/data/raw/rgb_anon/night/val/GOPR0351/GOPR0351_frame_000095_rgb_anon.png,/home/user/DATA/awseg/data/raw/gt/night/val/GOPR0351/GOPR0351_frame_000095_gt_labelTrainIds.png,0.4409885128745665,0.09036647964665155,0.47312716399118665,0.06801908485501437,0.09673832468495182,460735,25416,435319,2698,41635,12025,29610,261
124,night,/home/user/DATA/awseg/data/raw/rgb_anon/night/val/GOPR0351/GOPR0351_frame_000099_rgb_anon.png,/home/user/DATA/awseg/data/raw/gt/night/val/GOPR0351/GOPR0351_frame_000099_gt_labelTrainIds.png,0.21736192315865904,0.19373467868109068,0.5301067240546357,0.17691397096127365,0.7844779452819653,478092,22769,455323,7164,92623,12070,80553,5620
125,night,/home/user/DATA/awseg/data/raw/rgb_anon/night/val/GOPR0351/GOPR0351_frame_000101_rgb_anon.png,/home/user/DATA/awseg/data/raw/gt/night/val/GOPR0351/GOPR0351_frame_000101_gt_labelTrainIds.png,0.2549849200658587,0.23850286434196488,0.45995388933440257,0.2287175966425637,0.6816918802099413,471487,19952,451535,3239,112451,9177,103274,2208
126,night,/home/user/DATA/awseg/data/raw/rgb_anon/night/val/GOPR0351/GOPR0351_frame_000105_rgb_anon.png,/home/user/DATA/awseg/data/raw/gt/night/val/GOPR0351/GOPR0351_frame_000105_gt_labelTrainIds.png,0.28538837745325274,0.13838754017384228,0.5316972188053164,0.11037168111333368,0.8245628370648799,501259,33331,467928,12238,69368,17722,51646,10091
127,night,/home/user/DATA/awseg/data/raw/rgb_anon/night/val/GOPR0351/GOPR0351_frame_000111_rgb_anon.png,/home/user/DATA/awseg/data/raw/gt/night/val/GOPR0351/GOPR0351_frame_000111_gt_labelTrainIds.png,0.2818491708287901,0.1767335386324465,0.4477913991048842,0.161723028381649,0.623222016079159,489692,25695,463997,6468,86545,11506,75039,4031
128,night,/home/user/DATA/awseg/data/raw/rgb_anon/night/val/GOPR0351/GOPR0351_frame_000113_rgb_anon.png,/home/user/DATA/awseg/data/raw/gt/night/val/GOPR0351/GOPR0351_frame_000113_gt_labelTrainIds.png,0.32989711924872656,0.16643450204257282,0.562697365791262,0.14512912210721776,0.7152702493417996,490313,25017,465296,12914,81605,14077,67528,9237
129,night,/home/user/DATA/awseg/data/raw/rgb_anon/night/val/GOPR0351/GOPR0351_frame_000115_rgb_anon.png,/home/user/DATA/awseg/data/raw/gt/night/val/GOPR0351/GOPR0351_frame_000115_gt_labelTrainIds.png,0.29212117801582504,0.17145523073719113,0.5388628525952781,0.153666837914205,0.6906723227938638,489778,22618,467160,20273,83975,12188,71787,14002
130,night,/home/user/DATA/awseg/data/raw/rgb_anon/night/val/GOPR0351/GOPR0351_frame_000121_rgb_anon.png,/home/user/DATA/awseg/data/raw/gt/night/val/GOPR0351/GOPR0351_frame_000121_gt_labelTrainIds.png,0.34179058798868683,0.12324945395811537,0.5313685808246901,0.10250541650861819,0.6075751415256623,490347,23718,466629,31973,60435,12603,47832,19426
131,night,/home/user/DATA/awseg/data/raw/rgb_anon/night/val/GOPR0351/GOPR0351_frame_000124_rgb_anon.png,/home/user/DATA/awseg/data/raw/gt/night/val/GOPR0351/GOPR0351_frame_000124_gt_labelTrainIds.png,0.35413600158512165,0.10092805273729206,0.47463432697648583,0.0835214446952596,0.19350531280186375,485425,21604,463821,35198,48993,10254,38739,6811
132,night,/home/user/DATA/awseg/data/raw/rgb_anon/night/val/GOPR0351/GOPR0351_frame_000128_rgb_anon.png,/home/user/DATA/awseg/data/raw/gt/night/val/GOPR0351/GOPR0351_frame_000128_gt_labelTrainIds.png,0.20814208683965799,0.13259570381878438,0.5473237463430715,0.11197456222482191,0.3219140837411637,512362,24269,488093,16551,67937,13283,54654,5328
133,night,/home/user/DATA/awseg/data/raw/rgb_anon/night/val/GOPR0351/GOPR0351_frame_000132_rgb_anon.png,/home/user/DATA/awseg/data/raw/gt/night/val/GOPR0351/GOPR0351_frame_000132_gt_labelTrainIds.png,0.18341296476598623,0.2945451724873471,0.6412077606616856,0.27121057522554315,0.5000438943025195,515690,32523,483167,11391,151894,20854,131040,5696
134,night,/home/user/DATA/awseg/data/raw/rgb_anon/night/val/GOPR0351/GOPR0351_frame_000141_rgb_anon.png,/home/user/DATA/awseg/data/raw/gt/night/val/GOPR0351/GOPR0351_frame_000141_gt_labelTrainIds.png,0.2544990578349436,0.19718075119727713,0.5312377338741332,0.1753320796777292,0.7082185077394596,498005,30572,467433,38827,98197,16241,81956,27498
135,night,/home/user/DATA/awseg/data/raw/rgb_anon/night/val/GOPR0351/GOPR0351_frame_000143_rgb_anon.png,/home/user/DATA/awseg/data/raw/gt/night/val/GOPR0351/GOPR0351_frame_000143_gt_labelTrainIds.png,0.1937085222141838,0.20158002930010063,0.5719318426917823,0.18041885074847594,0.4494903491650401,514674,27818,486856,23055,103748,15910,87838,10363
136,night,/home/user/DATA/awseg/data/raw/rgb_anon/night/val/GOPR0351/GOPR0351_frame_000651_rgb_anon.png,/home/user/DATA/awseg/data/raw/gt/night/val/GOPR0351/GOPR0351_frame_000651_gt_labelTrainIds.png,0.2981740888646312,0.13122400621392824,0.4697196498794875,0.10278393587994543,0.6964586846543002,508535,39415,469120,593,66732,18514,48218,413
137,night,/home/user/DATA/awseg/data/raw/rgb_anon/night/val/GOPR0351/GOPR0351_frame_000654_rgb_anon.png,/home/user/DATA/awseg/data/raw/gt/night/val/GOPR0351/GOPR0351_frame_000654_gt_labelTrainIds.png,0.3044269187859982,0.16791886396848593,0.4898613719325639,0.13447743038432455,0.382008874546188,503648,47393,456255,9916,84572,23216,61356,3788
138,night,/home/user/DATA/awseg/data/raw/rgb_anon/night/val/GOPR0351/GOPR0351_frame_000706_rgb_anon.png,/home/user/DATA/awseg/data/raw/gt/night/val/GOPR0351/GOPR0351_frame_000706_gt_labelTrainIds.png,0.33366728147721386,0.15899956662926618,0.5041969669651621,0.12116401419336706,0.5844316674038036,505341,49917,455424,11305,80349,25168,55181,6607
139,night,/home/user/DATA/awseg/data/raw/rgb_anon/night/val/GOPR0351/GOPR0351_frame_000709_rgb_anon.png,/home/user/DATA/awseg/data/raw/gt/night/val/GOPR0351/GOPR0351_frame_000709_gt_labelTrainIds.png,0.2831905690955412,0.15087949635232853,0.512504160656829,0.11490947135153987,0.3193458809009565,498126,45065,453061,3241,75157,23096,52061,1035
140,night,/home/user/DATA/awseg/data/raw/rgb_anon/night/val/GOPR0351/GOPR0351_frame_000712_rgb_anon.png,/home/user/DATA/awseg/data/raw/gt/night/val/GOPR0351/GOPR0351_frame_000712_gt_labelTrainIds.png,0.21325393462760284,0.2518473092553325,0.5535877253023044,0.2271295807420767,0.0390279823269514,463106,35064,428042,1358,116632,19411,97221,53
141,night,/home/user/DATA/awseg/data/raw/rgb_anon/night/val/GOPR0351/GOPR0351_frame_000718_rgb_anon.png,/home/user/DATA/awseg/data/raw/gt/night/val/GOPR0351/GOPR0351_frame_000718_gt_labelTrainIds.png,0.3213258722844068,0.11457413535571932,0.4785286425377542,0.09585858629680566,0.5910238974159705,484708,23706,461002,5147,55535,11344,44191,3042
142,night,/home/user/DATA/awseg/data/raw/rgb_anon/night/val/GOPR0351/GOPR0351_frame_000724_rgb_anon.png,/home/user/DATA/awseg/data/raw/gt/night/val/GOPR0351/GOPR0351_frame_000724_gt_labelTrainIds.png,0.35393784778917664,0.16082142479093892,0.5357549501513511,0.1298800708620093,0.17203244040304744,472350,36009,436341,4069,75964,19292,56672,700
143,night,/home/user/DATA/awseg/data/raw/rgb_anon/night/val/GOPR0351/GOPR0351_frame_000727_rgb_anon.png,/home/user/DATA/awseg/data/raw/gt/night/val/GOPR0351/GOPR0351_frame_000727_gt_labelTrainIds.png,0.3027969872702786,0.2043367306123102,0.5089599551463135,0.17319651261476737,0.4150296939241663,500008,46373,453635,4378,102170,23602,78568,1817
144,night,/home/user/DATA/awseg/data/raw/rgb_anon/night/val/GOPR0351/GOPR0351_frame_000742_rgb_anon.png,/home/user/DATA/awseg/data/raw/gt/night/val/GOPR0351/GOPR0351_frame_000742_gt_labelTrainIds.png,0.407150649152474,0.15449825852664784,0.3786787924718959,0.14336865868188373,0.41048667439165704,502161,23751,478410,3452,77583,8994,68589,1417
145,night,/home/user/DATA/awseg/data/raw/rgb_anon/night/val/GOPR0351/GOPR0351_frame_000745_rgb_anon.png,/home/user/DATA/awseg/data/raw/gt/night/val/GOPR0351/GOPR0351_frame_000745_gt_labelTrainIds.png,0.2816748153998714,0.17039128080711224,0.5102574837764288,0.15641902794810558,0.3093881193339688,483898,19108,464790,49307,82452,9750,72702,15255
146,night,/home/user/DATA/awseg/data/raw/rgb_anon/night/val/GOPR0351/GOPR0351_frame_000748_rgb_anon.png,/home/user/DATA/awseg/data/raw/gt/night/val/GOPR0351/GOPR0351_frame_000748_gt_labelTrainIds.png,0.2493824612289681,0.30051526346490376,0.5804193037974683,0.28604556050877267,0.12299977829653491,514300,25280,489020,153358,154555,14673,139882,18863
147,night,/home/user/DATA/awseg/data/raw/rgb_anon/night/val/GOPR0351/GOPR0351_frame_000754_rgb_anon.png,/home/user/DATA/awseg/data/raw/gt/night/val/GOPR0351/GOPR0351_frame_000754_gt_labelTrainIds.png,0.2357707060056178,0.16905805212228017,0.4869402985074627,0.1527034696892554,0.15345528455284552,503892,24656,479236,1968,85187,12006,73181,302
148,night,/home/user/DATA/awseg/data/raw/rgb_anon/night/val/GOPR0351/GOPR0351_frame_000761_rgb_anon.png,/home/user/DATA/awseg/data/raw/gt/night/val/GOPR0351/GOPR0351_frame_000761_gt_labelTrainIds.png,0.3474245982409498,0.11270016486856255,0.526757507100233,0.08452786764226936,0.456493078444298,491907,31337,460570,3034,55438,16507,38931,1385
149,night,/home/user/DATA/awseg/data/raw/rgb_anon/night/val/GOPR0351/GOPR0351_frame_000770_rgb_anon.png,/home/user/DATA/awseg/data/raw/gt/night/val/GOPR0351/GOPR0351_frame_000770_gt_labelTrainIds.png,0.3142323230865839,0.3608533710330792,0.6232630809121734,0.3445729111668427,0.4360083626150804,514946,30082,484864,158802,185820,18749,167071,69239
150,night,/home/user/DATA/awseg/data/raw/rgb_anon/night/val/GOPR0351/GOPR0351_frame_000774_rgb_anon.png,/home/user/DATA/awseg/data/raw/gt/night/val/GOPR0351/GOPR0351_frame_000774_gt_labelTrainIds.png,0.3231219611641647,0.31585235231111475,0.546780954428203,0.2976649496971672,0.2133427390910007,509754,37216,472538,9923,161007,20349,140658,2117
151,night,/home/user/DATA/awseg/data/raw/rgb_anon/night/val/GOPR0351/GOPR0351_frame_000809_rgb_anon.png,/home/user/DATA/awseg/data/raw/gt/night/val/GOPR0351/GOPR0351_frame_000809_gt_labelTrainIds.png,0.40567925392171145,0.12789136875291313,0.4604049953314659,0.10341672733832881,0.04597622156552814,499893,34272,465621,14551,63932,15779,48153,669
152,night,/home/user/DATA/awseg/data/raw/rgb_anon/night/val/GOPR0351/GOPR0351_frame_000814_rgb_anon.png,/home/user/DATA/awseg/data/raw/gt/night/val/GOPR0351/GOPR0351_frame_000814_gt_labelTrainIds.png,0.33334880755297175,0.1676379995136581,0.4977312390924956,0.14729255856979973,0.3416089299461124,493480,28650,464830,5196,82726,14260,68466,1775
153,night,/home/user/DATA/awseg/data/raw/rgb_anon/night/val/GOPR0351/GOPR0351_frame_000818_rgb_anon.png,/home/user/DATA/awseg/data/raw/gt/night/val/GOPR0351/GOPR0351_frame_000818_gt_labelTrainIds.png,0.27966806978086267,0.1984327146344526,0.42412469574985956,0.18768185902567042,0.43968593861527483,469857,21364,448493,2802,93235,9061,84174,1232
154,night,/home/user/DATA/awseg/data/raw/rgb_anon/night/val/GOPR0351/GOPR0351_frame_000822_rgb_anon.png,/home/user/DATA/awseg/data/raw/gt/night/val/GOPR0351/GOPR0351_frame_000822_gt_labelTrainIds.png,0.14677566537735398,0.40800739198550035,0.6701345847352577,0.3892152662064588,0.46527196652719666,337663,22588,315075,3585,137769,15137,122632,1668
155,night,/home/user/DATA/awseg/data/raw/rgb_anon/night/val/GOPR0351/GOPR0351_frame_000825_rgb_anon.png,/home/user/DATA/awseg/data/raw/gt/night/val/GOPR0351/GOPR0351_frame_000825_gt_labelTrainIds.png,0.17710420227410048,0.46656749339557313,0.6907344392457111,0.44908177992579035,0.41960183767228176,389890,28212,361678,5877,181910,19487,162423,2466
156,night,/home/user/DATA/awseg/data/raw/rgb_anon/night/val/GOPR0356/GOPR0356_frame_000321_rgb_anon.png,/home/user/DATA/awseg/data/raw/gt/night/val/GOPR0356/GOPR0356_frame_000321_gt_labelTrainIds.png,0.34917050497637153,0.18794315096807257,0.48896850839147654,0.17167246365732777,0.14285714285714285,413657,21212,392445,406,77744,10372,67372,58
157,night,/home/user/DATA/awseg/data/raw/rgb_anon/night/val/GOPR0356/GOPR0356_frame_000324_rgb_anon.png,/home/user/DATA/awseg/data/raw/gt/night/val/GOPR0356/GOPR0356_frame_000324_gt_labelTrainIds.png,0.33595846787517974,0.14248655940128538,0.4992023441315318,0.1171169502357158,0.07553956834532374,462591,30715,431876,278,65913,15333,50580,21
158,night,/home/user/DATA/awseg/data/raw/rgb_anon/night/val/GOPR0356/GOPR0356_frame_000327_rgb_anon.png,/home/user/DATA/awseg/data/raw/gt/night/val/GOPR0356/GOPR0356_frame_000327_gt_labelTrainIds.png,0.28903056413066697,0.2115274349961359,0.4959514170040486,0.1904591047110045,0.19553072625698323,401130,27664,373466,179,84850,13720,71130,35
159,night,/home/user/DATA/awseg/data/raw/rgb_anon/night/val/GOPR0356/GOPR0356_frame_000330_rgb_anon.png,/home/user/DATA/awseg/data/raw/gt/night/val/GOPR0356/GOPR0356_frame_000330_gt_labelTrainIds.png,0.16770524150814278,0.1309707431787141,0.48643702906350916,0.11686792009651624,0.271356783919598,486895,18580,468315,199,63769,9038,54731,54
160,night,/home/user/DATA/awseg/data/raw/rgb_anon/night/val/GOPR0356/GOPR0356_frame_000333_rgb_anon.png,/home/user/DATA/awseg/data/raw/gt/night/val/GOPR0356/GOPR0356_frame_000333_gt_labelTrainIds.png,0.22476623239039112,0.28975295959403957,0.5655690112806901,0.2747781523087697,0.3945945945945946,468223,24112,444111,370,135669,13637,122032,146
161,night,/home/user/DATA/awseg/data/raw/rgb_anon/night/val/GOPR0356/GOPR0356_frame_000336_rgb_anon.png,/home/user/DATA/awseg/data/raw/gt/night/val/GOPR0356/GOPR0356_frame_000336_gt_labelTrainIds.png,0.25383723246423506,0.20313875383896884,0.5308699218889325,0.18209323738107128,0.7552611067809821,464643,28037,436606,1283,94387,14884,79503,969
162,night,/home/user/DATA/awseg/data/raw/rgb_anon/night/val/GOPR0356/GOPR0356_frame_000339_rgb_anon.png,/home/user/DATA/awseg/data/raw/gt/night/val/GOPR0356/GOPR0356_frame_000339_gt_labelTrainIds.png,0.2532264029267863,0.14869581034891197,0.5475610656040145,0.12444074474625405,0.330990315526398,472784,27102,445682,6402,70301,14840,55461,2119
163,night,/home/user/DATA/awseg/data/raw/rgb_anon/night/val/GOPR0356/GOPR0356_frame_000342_rgb_anon.png,/home/user/DATA/awseg/data/raw/gt/night/val/GOPR0356/GOPR0356_frame_000342_gt_labelTrainIds.png,0.22115367812323883,0.2188564020699187,0.4829511761217632,0.20688589290154083,0.3790322580645161,466685,20236,446449,372,102137,9773,92364,141
164,night,/home/user/DATA/awseg/data/raw/rgb_anon/night/val/GOPR0356/GOPR0356_frame_000345_rgb_anon.png,/home/user/DATA/awseg/data/raw/gt/night/val/GOPR0356/GOPR0356_frame_000345_gt_labelTrainIds.png,0.2356891122469558,0.285489596908282,0.5365074457669913,0.2746134233522212,0.5611888111888111,467313,19407,447906,572,133413,10412,123001,321
165,night,/home/user/DATA/awseg/data/raw/rgb_anon/night/val/GOPR0356/GOPR0356_frame_000348_rgb_anon.png,/home/user/DATA/awseg/data/raw/gt/night/val/GOPR0356/GOPR0356_frame_000348_gt_labelTrainIds.png,0.2359161315710545,0.27041779090815943,0.5280974267789446,0.25290830876972215,0.16666666666666666,468464,29807,438657,144,126681,15741,110940,24
166,night,/home/user/DATA/awseg/data/raw/rgb_anon/night/val/GOPR0356/GOPR0356_frame_000351_rgb_anon.png,/home/user/DATA/awseg/data/raw/gt/night/val/GOPR0356/GOPR0356_frame_000351_gt_labelTrainIds.png,0.2952175931296154,0.19221953274956363,0.4458070492743394,0.17973034039853655,0.6758620689655173,482953,22669,460284,290,92833,10106,82727,196
167,night,/home/user/DATA/awseg/data/raw/rgb_anon/night/val/GOPR0356/GOPR0356_frame_000354_rgb_anon.png,/home/user/DATA/awseg/data/raw/gt/night/val/GOPR0356/GOPR0356_frame_000354_gt_labelTrainIds.png,0.31459542481370395,0.13594858084422404,0.44856247445156017,0.11624966728772958,0.8006230529595015,495224,29356,465868,642,67325,13168,54157,514
168,night,/home/user/DATA/awseg/data/raw/rgb_anon/night/val/GOPR0356/GOPR0356_frame_000357_rgb_anon.png,/home/user/DATA/awseg/data/raw/gt/night/val/GOPR0356/GOPR0356_frame_000357_gt_labelTrainIds.png,0.2856448834157582,0.13384424527929414,0.4534912718204489,0.11702185834184584,0.18355899419729207,481231,24060,457171,5170,64410,10911,53499,949
169,night,/home/user/DATA/awseg/data/raw/rgb_anon/night/val/GOPR0356/GOPR0356_frame_000360_rgb_anon.png,/home/user/DATA/awseg/data/raw/gt/night/val/GOPR0356/GOPR0356_frame_000360_gt_labelTrainIds.png,0.28295571828811533,0.15722882925833973,0.425700956164257,0.14495037624481896,0.05003071462698792,495011,21649,473362,14651,77830,9216,68614,733
170,night,/home/user/DATA/awseg/data/raw/rgb_anon/night/val/GOPR0356/GOPR0356_frame_000363_rgb_anon.png,/home/user/DATA/awseg/data/raw/gt/night/val/GOPR0356/GOPR0356_frame_000363_gt_labelTrainIds.png,0.27055399860761586,0.17643848277565524,0.5240384615384616,0.15405784748989726,0.5199063231850117,502022,30368,471654,427,88576,15914,72662,222
171,night,/home/user/DATA/awseg/data/raw/rgb_anon/night/val/GOPR0356/GOPR0356_frame_000366_rgb_anon.png,/home/user/DATA/awseg/data/raw/gt/night/val/GOPR0356/GOPR0356_frame_000366_gt_labelTrainIds.png,0.294444481967495,0.1533440078827442,0.3870702804176933,0.1445656772192061,0.6891428571428572,470902,17046,453856,1750,72210,6598,65612,1206
172,night,/home/user/DATA/awseg/data/raw/rgb_anon/night/val/GOPR0356/GOPR0356_frame_000369_rgb_anon.png,/home/user/DATA/awseg/data/raw/gt/night/val/GOPR0356/GOPR0356_frame_000369_gt_labelTrainIds.png,0.3253686002794298,0.1913367537648708,0.47940744271019503,0.17406646364547643,0.211340206185567,445168,25179,419989,388,85177,12071,73106,82
173,night,/home/user/DATA/awseg/data/raw/rgb_anon/night/val/GOPR0356/GOPR0356_frame_000372_rgb_anon.png,/home/user/DATA/awseg/data/raw/gt/night/val/GOPR0356/GOPR0356_frame_000372_gt_labelTrainIds.png,0.32304381036651697,0.15575331037285814,0.4449209221811315,0.13912616615239837,0.18386108273748722,467470,25418,442052,979,72810,11309,61501,180
174,night,/home/user/DATA/awseg/data/raw/rgb_anon/night/val/GOPR0356/GOPR0356_frame_000375_rgb_anon.png,/home/user/DATA/awseg/data/raw/gt/night/val/GOPR0356/GOPR0356_frame_000375_gt_labelTrainIds.png,0.3970641568682476,0.0854998497696468,0.3962945139557267,0.06844174252962618,0.11365494685200327,479264,24936,454328,3669,40977,9882,31095,417
175,night,/home/user/DATA/awseg/data/raw/rgb_anon/night/val/GOPR0356/GOPR0356_frame_000378_rgb_anon.png,/home/user/DATA/awseg/data/raw/gt/night/val/GOPR0356/GOPR0356_frame_000378_gt_labelTrainIds.png,0.3032918254570395,0.17734410511059082,0.5718782388392001,0.15400371974302435,0.09937402190923318,466404,26051,440353,14058,82714,14898,67816,1397
176,night,/home/user/DATA/awseg/data/raw/rgb_anon/night/val/GOPR0356/GOPR0356_frame_000382_rgb_anon.png,/home/user/DATA/awseg/data/raw/gt/night/val/GOPR0356/GOPR0356_frame_000382_gt_labelTrainIds.png,0.31517604846611413,0.23204953856943697,0.5380074863230636,0.20211737089201878,0.16537564162389173,467676,41676,426000,21430,108524,22422,86102,3544
177,night,/home/user/DATA/awseg/data/raw/rgb_anon/night/val/GOPR0356/GOPR0356_frame_000386_rgb_anon.png,/home/user/DATA/awseg/data/raw/gt/night/val/GOPR0356/GOPR0356_frame_000386_gt_labelTrainIds.png,0.34507318031925616,0.13900715943235634,0.44895653538364977,0.1172223950027461,0.14749151263674085,485234,31865,453369,7953,67451,14306,53145,1173
178,night,/home/user/DATA/awseg/data/raw/rgb_anon/night/val/GOPR0356/GOPR0356_frame_000391_rgb_anon.png,/home/user/DATA/awseg/data/raw/gt/night/val/GOPR0356/GOPR0356_frame_000391_gt_labelTrainIds.png,0.22059953648229283,0.42348867701159665,0.6491047716953654,0.40538087609408624,nan,471342,35019,436323,0,199608,22731,176877,0
179,night,/home/user/DATA/awseg/data/raw/rgb_anon/night/val/GOPR0356/GOPR0356_frame_000395_rgb_anon.png,/home/user/DATA/awseg/data/raw/gt/night/val/GOPR0356/GOPR0356_frame_000395_gt_labelTrainIds.png,0.23901431577701815,0.3870586661911555,0.7249476518097517,0.36563987333371256,nan,448640,26744,421896,0,173650,19388,154262,0
180,night,/home/user/DATA/awseg/data/raw/rgb_anon/night/val/GOPR0356/GOPR0356_frame_000398_rgb_anon.png,/home/user/DATA/awseg/data/raw/gt/night/val/GOPR0356/GOPR0356_frame_000398_gt_labelTrainIds.png,0.3364959322948081,0.31226443958434846,0.6039044901636882,0.28846153846153844,0.8513011152416357,441235,33295,407940,269,137782,20107,117675,229
181,night,/home/user/DATA/awseg/data/raw/rgb_anon/night/val/GOPR0356/GOPR0356_frame_000401_rgb_anon.png,/home/user/DATA/awseg/data/raw/gt/night/val/GOPR0356/GOPR0356_frame_000401_gt_labelTrainIds.png,0.337912464026131,0.14899954878871732,0.41545548407592725,0.13489400704657636,0.5906362545018007,500874,25182,475692,833,74630,10462,64168,492
182,night,/home/user/DATA/awseg/data/raw/rgb_anon/night/val/GOPR0356/GOPR0356_frame_000404_rgb_anon.png,/home/user/DATA/awseg/data/raw/gt/night/val/GOPR0356/GOPR0356_frame_000404_gt_labelTrainIds.png,0.2565522820799703,0.12343465171928533,0.40858369098712444,0.11251153413796576,0.5045632333767927,505239,18640,486599,3068,62364,7616,54748,1548
183,night,/home/user/DATA/awseg/data/raw/rgb_anon/night/val/GOPR0356/GOPR0356_frame_000408_rgb_anon.png,/home/user/DATA/awseg/data/raw/gt/night/val/GOPR0356/GOPR0356_frame_000408_gt_labelTrainIds.png,0.2957745101595556,0.15852156143392895,0.5625023899659669,0.13514607875242285,0.5111835973904939,478099,26151,451948,2146,75789,14710,61079,1097
184,night,/home/user/DATA/awseg/data/raw/rgb_anon/night/val/GOPR0356/GOPR0356_frame_000414_rgb_anon.png,/home/user/DATA/awseg/data/raw/gt/night/val/GOPR0356/GOPR0356_frame_000414_gt_labelTrainIds.png,0.25333805102758566,0.14551979624913175,0.4535234724679921,0.13345282080142243,0.35154295246038364,509642,19214,490428,2398,74163,8714,65449,843
185,night,/home/user/DATA/awseg/data/raw/rgb_anon/night/val/GOPR0356/GOPR0356_frame_000418_rgb_anon.png,/home/user/DATA/awseg/data/raw/gt/night/val/GOPR0356/GOPR0356_frame_000418_gt_labelTrainIds.png,0.3410744622740405,0.07063724276745895,0.3880193134185812,0.058017489635966625,0.16996516782773907,492842,18847,473995,12632,34813,7313,27500,2147
186,night,/home/user/DATA/awseg/data/raw/rgb_anon/night/val/GOPR0356/GOPR0356_frame_000421_rgb_anon.png,/home/user/DATA/awseg/data/raw/gt/night/val/GOPR0356/GOPR0356_frame_000421_gt_labelTrainIds.png,0.29680421809789986,0.05926010859721472,0.37588522027039456,0.04528870815882601,0.19567117371857487,514562,21746,492816,19451,30493,8174,22319,3806
187,night,/home/user/DATA/awseg/data/raw/rgb_anon/night/val/GOPR0356/GOPR0356_frame_000424_rgb_anon.png,/home/user/DATA/awseg/data/raw/gt/night/val/GOPR0356/GOPR0356_frame_000424_gt_labelTrainIds.png,0.28865244329616035,0.07668484128278616,0.4430241817191233,0.05888712655988174,0.15683391003460206,515004,23861,491143,23120,39493,10571,28922,3626
188,night,/home/user/DATA/awseg/data/raw/rgb_anon/night/val/GOPR0356/GOPR0356_frame_000427_rgb_anon.png,/home/user/DATA/awseg/data/raw/gt/night/val/GOPR0356/GOPR0356_frame_000427_gt_labelTrainIds.png,0.25503214119987005,0.10119506103680881,0.43795620437956206,0.08570713575077668,0.4353394849194326,514116,22605,491511,7261,52026,9900,42126,3161
189,night,/home/user/DATA/awseg/data/raw/rgb_anon/night/val/GOPR0356/GOPR0356_frame_000430_rgb_anon.png,/home/user/DATA/awseg/data/raw/gt/night/val/GOPR0356/GOPR0356_frame_000430_gt_labelTrainIds.png,0.3005088104150614,0.1195050129706233,0.45054729491153045,0.10221341492154376,0.8646864686468647,513468,25489,487979,303,61362,11484,49878,262
190,night,/home/user/DATA/awseg/data/raw/rgb_anon/night/val/GOPR0356/GOPR0356_frame_000433_rgb_anon.png,/home/user/DATA/awseg/data/raw/gt/night/val/GOPR0356/GOPR0356_frame_000433_gt_labelTrainIds.png,0.26904171173684616,0.08945246118281716,0.49270580062521707,0.0605202222106848,0.7269991401547722,516073,34548,481525,2326,46164,17022,29142,1691
191,night,/home/user/DATA/awseg/data/raw/rgb_anon/night/val/GOPR0356/GOPR0356_frame_000437_rgb_anon.png,/home/user/DATA/awseg/data/raw/gt/night/val/GOPR0356/GOPR0356_frame_000437_gt_labelTrainIds.png,0.23631267703815406,0.11055027213387825,0.4805934316230109,0.08570052562933933,0.8061624649859944,516290,32489,483801,5355,57076,15614,41462,4317
192,night,/home/user/DATA/awseg/data/raw/rgb_anon/night/val/GOPR0356/GOPR0356_frame_000448_rgb_anon.png,/home/user/DATA/awseg/data/raw/gt/night/val/GOPR0356/GOPR0356_frame_000448_gt_labelTrainIds.png,0.27754039878404624,0.07895173523193366,0.4553780313837375,0.05130273875859988,0.811787072243346,512237,35050,477187,526,40442,15961,24481,427
193,night,/home/user/DATA/awseg/data/raw/rgb_anon/night/val/GOPR0356/GOPR0356_frame_000452_rgb_anon.png,/home/user/DATA/awseg/data/raw/gt/night/val/GOPR0356/GOPR0356_frame_000452_gt_labelTrainIds.png,0.21000940519805247,0.23848154176789796,0.5997658566060537,0.19106378127602205,0.8371293182512993,456463,52959,403504,13084,108858,31763,77095,10953
194,night,/home/user/DATA/awseg/data/raw/rgb_anon/night/val/GOPR0356/GOPR0356_frame_000455_rgb_anon.png,/home/user/DATA/awseg/data/raw/gt/night/val/GOPR0356/GOPR0356_frame_000455_gt_labelTrainIds.png,0.263484993882215,0.1793532392492015,0.5028650976075626,0.1582763857251329,0.45341931104700495,505009,30889,474120,5893,90575,15533,75042,2672
195,night,/home/user/DATA/awseg/data/raw/rgb_anon/night/val/GOPR0356/GOPR0356_frame_000458_rgb_anon.png,/home/user/DATA/awseg/data/raw/gt/night/val/GOPR0356/GOPR0356_frame_000458_gt_labelTrainIds.png,0.260520806698495,0.1518496963006074,0.5081636635659923,0.12850369202246115,0.8992635744119587,500001,30746,469255,18196,75925,15624,60301,16363
196,night,/home/user/DATA/awseg/data/raw/rgb_anon/night/val/GOPR0356/GOPR0356_frame_000461_rgb_anon.png,/home/user/DATA/awseg/data/raw/gt/night/val/GOPR0356/GOPR0356_frame_000461_gt_labelTrainIds.png,0.33469799300636466,0.08843619288138269,0.4104109589041096,0.07134368052525504,0.33747779751332146,506840,25550,481290,1126,44823,10486,34337,380
197,night,/home/user/DATA/awseg/data/raw/rgb_anon/night/val/GOPR0356/GOPR0356_frame_000464_rgb_anon.png,/home/user/DATA/awseg/data/raw/gt/night/val/GOPR0356/GOPR0356_frame_000464_gt_labelTrainIds.png,0.28032170459783073,0.13687757562854036,0.49678352005782433,0.11526617665249575,0.4241048682199268,488473,27670,460803,21589,66861,13746,53115,9156
198,night,/home/user/DATA/awseg/data/raw/rgb_anon/night/val/GOPR0356/GOPR0356_frame_000467_rgb_anon.png,/home/user/DATA/awseg/data/raw/gt/night/val/GOPR0356/GOPR0356_frame_000467_gt_labelTrainIds.png,0.2527758352644855,0.09512974542249883,0.428237692732447,0.07910353819179068,0.5178263369752731,512889,23543,489346,6956,48791,10082,38709,3602
199,night,/home/user/DATA/awseg/data/raw/rgb_anon/night/val/GOPR0356/GOPR0356_frame_000470_rgb_anon.png,/home/user/DATA/awseg/data/raw/gt/night/val/GOPR0356/GOPR0356_frame_000470_gt_labelTrainIds.png,0.26952919496614425,0.13470019230491173,0.4892464799628655,0.11990842151922158,0.4334412955465587,484127,19389,464738,12350,65212,9486,55726,5353
200,night,/home/user/DATA/awseg/data/raw/rgb_anon/night/val/GOPR0356/GOPR0356_frame_000473_rgb_anon.png,/home/user/DATA/awseg/data/raw/gt/night/val/GOPR0356/GOPR0356_frame_000473_gt_labelTrainIds.png,0.2516347895838357,0.16403690478254088,0.5524124313186813,0.14339047410409478,nan,461512,23296,438216,0,75705,12869,62836,0
201,night,/home/user/DATA/awseg/data/raw/rgb_anon/night/val/GOPR0356/GOPR0356_frame_000476_rgb_anon.png,/home/user/DATA/awseg/data/raw/gt/night/val/GOPR0356/GOPR0356_frame_000476_gt_labelTrainIds.png,0.35109428640737644,0.19608042659784752,0.5870749055345632,0.18022893007517612,0.9218266253869969,461887,17996,443891,5168,90567,10565,80002,4764
202,night,/home/user/DATA/awseg/data/raw/rgb_anon/night/val/GOPR0356/GOPR0356_frame_000479_rgb_anon.png,/home/user/DATA/awseg/data/raw/gt/night/val/GOPR0356/GOPR0356_frame_000479_gt_labelTrainIds.png,0.26158521534465085,0.1703066117491929,0.5577776048556533,0.15780155202290364,nan,411041,12851,398190,0,70003,7168,62835,0
203,night,/home/user/DATA/awseg/data/raw/rgb_anon/night/val/GOPR0356/GOPR0356_frame_000482_rgb_anon.png,/home/user/DATA/awseg/data/raw/gt/night/val/GOPR0356/GOPR0356_frame_000482_gt_labelTrainIds.png,0.14913239668830225,0.40984303606098577,0.6669098869025903,0.3982459852813242,nan,444497,19187,425310,0,182174,12796,169378,0
204,night,/home/user/DATA/awseg/data/raw/rgb_anon/night/val/GOPR0356/GOPR0356_frame_000485_rgb_anon.png,/home/user/DATA/awseg/data/raw/gt/night/val/GOPR0356/GOPR0356_frame_000485_gt_labelTrainIds.png,0.2614769652769247,0.243397025071842,0.5399532441651017,0.2259704168130512,0.2809871003925967,470129,26093,444036,3566,114428,14089,100339,1002
205,night,/home/user/DATA/awseg/data/raw/rgb_anon/night/val/GOPR0356/GOPR0356_frame_000488_rgb_anon.png,/home/user/DATA/awseg/data/raw/gt/night/val/GOPR0356/GOPR0356_frame_000488_gt_labelTrainIds.png,0.2685514358777813,0.23357086302454474,0.5846023362504337,0.21233332011634062,1.0,454680,25939,428741,1,106200,15164,91036,1
